number,title,category,tune,words,music,song_text,notes,use_private,alignment_v,alignment_h,color,font,info_color,info_font,ending_color,ending_font,use_background,background_name,background,count,date
1,Above all,43,,Micheal W. Smith,,"Verse 1
Above all powers, above all kings 
Above all nature and all created things 
Above all wisdom, and all the ways of man
You were there before the world began

Verse 2
Above all kingdoms, above all thrones
Above all wonders the world has ever known
Above all wealth and treasures of the earth 
There's no way to measure what you're worth

Refrain
Crucified, laid behind the stone 
You lived to die, rejected and alone 
Like a rose, trampled on the ground 
You took the fall And thought of me, above all

Verse 3
Above all powers, above all kings 
Above all nature and all created things 
Above all wisdom, and all the ways of man
You were there before the world began

Verse 4
Above all kingdoms, above all thrones
Above all wonders the world has ever known
Above all wealth and treasures of the earth 
There's no way to measure what you're worth

Refrain
Crucified, laid behind the stone 
You lived to die, rejected and alone 
Like a rose, trampled on the ground 
You took the fall And thought of me, above all (x2)

Verse 4
Like a rose, trampled on the ground
You took the fall and thought of me
Above all",,false,1,1,4294967295,"Arial,28,-1,5,50,0,0,0,0,0",,,,,,,,3,12:03:2013
2,Holy,0,,,,"Verse 1
 As we lift up our hands
Will you meet us here
As we call on your name
Will you meet us here
We have come to this place
to worship You
God of Mercy and Grace

Refrain
It is you, we adore
It is you, praises are for
Only you
The Heavens declare
it is you
it is you

&Refrain
 Holy, Holy is our God Almighty
Holy, Holy is His name alone
Holy, Holy is our God Almighty
Holy, Holy is His name alone

Verse 3
 It is you
We adore
It is you
only you

&Verse 4
As we lift up our hands
will you meet us here
As we call on your name
will you meet us here
we have come to this place
to worship you
God of mercy and grace

Refrain
It is you, we adore
It is you, praises are for
Only you
The Heavens declare
it is you
it is you

&Refrain
Holy, Holy is our God Almighty
Holy, Holy is His name alone
Holy, Holy is our God Almighty
Holy, Holy is His name alone

Verse 6
As we lift up our hands
As we call on your name
Will you visit this place
by you Mercy and Grace
(repeat)

&Verse 7
it is you
we adore
it is you
it is you

Refrain
Holy, Holy is our God Almighty
Holy, Holy is His name alone
Holy, Holy is our God Almighty
Holy, Holy is His name alone

&Refrain
it is you
we adore
it is you
only you",,false,1,1,4294967295,"Arial,28,-1,5,50,0,0,0,0,0",,,,,,,,4,11:30:2013
3,"Come, now is the time to worship",0,,,,"Verse 1
 Come, now is the time to worship
Come, now is the time to give your heart
Come, just as you are to worship
Come, just as you are before your God
Come

Refrain
One day every tongue will confess You are God
One day every knee will bow
Still, the greatest treasure remains for those
Who gladly choose You now

Verse 2
Come, now is the time to give your heart
Come, just as you are to worship
Come, just as you are before your God
Come

Refrain
One day every tongue will confess You are God
One day every knee will bow
Still, the greatest treasure remains for those
Who gladly choose You now",,false,1,1,4294967295,"Arial,28,-1,5,50,0,0,0,0,0",,,,,,,,1,11:29:2013
4,You are worthy of my praise,0,,,,"Verse 1
I will worship, with all of my heart
I will praise You, with all of my strength
I will seek You, all of my days
I will follow, all of your ways

Refrain
I will give, You all my worship
I will give, You all my praise
You alone, I long to worship
You alone, are worthy of my praise

Verse 2
I will bow down, hail You as king
I will serve You, give You everything
I will lift up, my eyes to Your throne
I will trust You, trust You alone

Refrain
I will give, You all my worship
I will give, You all my praise
You alone, I long to worship
You alone, are worthy of my praise (x2)",,false,1,1,4294967295,"Arial,28,-1,5,50,0,0,0,0,0",,,,,,,,1,11:29:2013
5,Here i am to worship,0,,,,"Verse 1
Light of the world, You stepped down into darkness
Opened my eyes, let me see
Beauty that made this heart adore You
Hope of a life spent with you

Refrain
Here I am to worship Here I am to bow down
Here I am to say that You're my God
Altogether lovely Altogether worthy
Altogether wonderful to me

Verse 2
King of all days oh, so highly exalted
Glorious in heaven above
Humbly You came to the earth You created
All for Love's sake became poor

Refrain 2
Here I am to worship Here I am to bow down
Here I am to say that You're my God
Altogether lovely Altogether worthy
Altogether wonderful to me

Verse 3
I'll never know how much it cost
To see my sin upon that cross (4x)

Refrain 3
Here I am to worship Here I am to bow down
Here I am to say that You're my God
Altogether lovely Altogether worthy
Altogether wonderful to me (x2)",,false,1,1,4294967295,"Arial,28,-1,5,50,0,0,0,0,0",4294967295,"Arial,28,-1,5,50,0,0,0,0,0",4294967295,"Arial,28,-1,5,50,0,0,0,0,0",false,,,2,11:29:2013
6,Glorious day ( living he loved me ),0,,,,"Verse 1
One day when heaven was filled with His praises
One day when sin was as black as could be
Jesus came down to be born of a virgin
Dwelt among men, my example is He

Refrain
Living he Loved Me, Dying he saved me
Buried He carried my sins far away
Rising he justified and freed me forever
One day he’s coming
Oh glorious day, oh glorious day

Verse 2
One day they led Him up Calvary's mountain
One day they nailed Him to die on a tree
Suffering anguish, despised and rejected
Bearing our sins, my Redeemer is He
Hands that healed nations, stretched out on a tree
And took the nails for me

Refrain
Living he Loved Me, Dying he saved me
Buried He carried my sins far away
Rising he justified and freed me forever
One day he’s coming
Oh glorious day, oh glorious day

Verse 3
One day the grave could conceal Him no longer
One day the stone rolled away from the door
Then He arose, over death He had conquered
Now He's ascended, my Lord evermore
Death could not hold Him, the grave could not keep Him
From rising again

Refrain
Living he Loved Me, Dying he saved me
Buried He carried my sins far away
Rising he justified and freed me forever
One day he’s coming
Oh glorious day, oh glorious day

Verse 4
One day the trumpet will sound for His coming
One day the skies with His glories will shine
Wonderful day, my Beloved One, bringing
My Savior, Jesus, is mine

Refrain
Living he Loved Me, Dying he saved me
Buried He carried my sins far away
Rising he justified and freed me forever
One day he’s coming
Oh glorious day, oh glorious day",,false,1,1,4294967295,"Arial,28,-1,5,50,0,0,0,0,0",,,,,,,,4,11:29:2013
7,How great is our God,0,,Chris Tomlin,Chris Tomlin,"Verse 1
 The splendor of a King, clothed in majesty
Let all the earth rejoice All the earth rejoice 
He wraps himself in Light, and darkness tries to hide
And trembles at His voice Trembles at His voice

Refrain
 How great is our God, sing with me
How great is our God, and all will see
How great, how great is our God

Verse 2
 Age to age He stands And time is in His hands
Beginning and the end Beginning and the end 
The Godhead Three in One Father Spirit Son
The Lion and the Lamb The Lion and the Lamb

Refrain
 How great is our God, sing with me
How great is our God, and all will see
How great, how great is our God

Verse 3
Name above all names Worthy of our praise
My heart will sing How great is our God

Refrain
 How great is our God, sing with me
How great is our God, and all will see
How great, how great is our God",,false,1,1,4294967295,"Arial,28,-1,5,50,0,0,0,0,0",,,,,,,,1,11:29:2013
8,This is the day,0,,,,"Verse 1
 This is the day, (2X)
That the Lord has made.(2X)
We will rejoice, (2X)
And be glad in it. (2X)

Refrain
For this the day,
That the Lord has made.
We will rejoice and be glad in it,
This is the day, this is the day,
That the Lord has made.

Verse 1
 This is the day, (2X)
That the Lord has made.(2X)
We will rejoice, (2X)
And be glad in it. (2X)

Refrain
For this the day,
That the Lord has made.
We will rejoice and be glad in it,
This is the day, this is the day,
That the Lord has made.",,false,1,1,4294967295,"Arial,28,-1,5,50,0,0,0,0,0",,,,,,,,1,11:29:2013
9,Amazing love,0,,,,"Verse 1
I’m forgiven because you were forsaken
I’m accepted you were condemned
I’m alive and well your spirit is within me
Because you died and rose again..

Refrain
Amazing love how can it be?
That you my king would die for me
Amazing love I know it’s true
It’s my joy to honor you
In all I do I honor you

Verse 2
I’m forgiven because you were forsaken
I’m accepted you were condemned
I’m alive and well your spirit is within me
Because you died and rose again..

Refrain
Amazing love how can it be?
That you my king would die for me
Amazing love I know it’s true
It’s my joy to honor you
In all I do I honor you...",,false,1,1,4294967295,"Arial,28,-1,5,50,0,0,0,0,0",,,,,,,,1,11:29:2013
10,Mighty to save,0,,Hillsong United,,"Verse 1
Everyone needs compassion
A love that's never failing
Let mercy fall on me
Everyone needs forgiveness
The kindness of a Saviour
The hope of nations

Refrain
Saviour he can move the mountains
My God is mighty to save
He is mighty to save
Forever author of salvation
He rose and conquered the grave
Jesus conquered the grave

Verse 2
So take me as you find me
All my fears and failures
Fill my life again
I give my life to follow
Everything i believe in
Now i surrender

Refrain
Saviour he can move the mountains
My God is mighty to save
He is mighty to save
Forever author of salvation
He rose and conquered the grave
Jesus conquered the grave (x2)

Verse 3
Shine your light and let the whole world see
We're singing for the glory of the risen king Jesus [x2]

Refrain
Saviour he can move the mountains
My God is mighty to save
He is mighty to save
Forever author of salvation
He rose and conquered the grave
Jesus conquered the grave (x2)

&Refrain
Shine your light and let the whole world see
We're singing for the glory of the risen king Jesus [x2]",,false,1,1,4294967295,"Arial,28,-1,5,50,0,0,0,0,0",,,,,,,,1,11:29:2013
11,Blessed be your name,0,,Matt Redman,,"Verse 1
Blessed Be Your Name
In the land that is plentiful
Where Your streams of abundance flow
Blessed be Your name

&Verse 2
Blessed Be Your name
When I'm found in the desert place
Though I walk through the wilderness
Blessed Be Your name

&Verse
Every blessing You pour out
I'll turn back to praise
When the darkness closes in, Lord
Still I will say

Refrain
Blessed be the name of the Lord
Blessed be Your name
Blessed be the name of the Lord
Blessed be Your glorious name

Verse 3
Blessed be Your name
When the sun's shining down on me
When the world's 'all as it should be'
Blessed be Your name

&Verse 4
Blessed be Your name
On the road marked with suffering
Though there's pain in the offering
Blessed be Your name

&Verse
Every blessing You pour out
I'll turn back to praise
When the darkness closes in, Lord
Still I will say

Refrain
Blessed be the name of the Lord
Blessed be Your name
Blessed be the name of the Lord
Blessed be Your glorious name (x2)",,false,1,1,4294967295,"Arial,28,-1,5,50,0,0,0,0,0",,,,,,,,1,11:29:2013
12,Revelation Song,0,,,,"Verse 1
Worthy is the, Lamb who was slain
Holy, Holy, is He
Sing a new song, to him who sits on
Heaven's mercy seat
[2X]

Refrain
 Holy, Holy, Holy
Is the Lord God Almighty
Who was, and is, and is to come
With all creation I sing
Praise to the King of Kings
You are my everything
And I will adore You

Verse 2
Clothed in rainbows, of living color
Flashes of lightning, rolls of thunder
Blessing and honor, strength and glory and power be
to You the only wise King

Refrain
 Holy, Holy, Holy
Is the Lord God Almighty
Who was, and is, and is to come
With all creation I sing
Praise to the King of Kings
You are my everything
And I will adore You

Verse 3
Filled with wonder, awestruck wonder
At the mention of your name
Jesus your name is power
Breath, and living water
Such a marvelous mystery
Yeah...

Refrain
Holy, Holy, Holy
Is the Lord God Almighty
Who was, and is, and is to come, yeah
With all creation I sing
Praise to the King of Kings
You are my everything
And I will adore You
[3X]",,false,1,1,4294967295,"Arial,28,-1,5,50,0,0,0,0,0",,,,,,,,1,11:29:2013
13,Amazing Grace (My Chains Are Gone),0,,CHRIS TOMLIN,,"Verse 1
Amazing grace
How sweet the sound
That saved a wretch like me
I once was lost, but now I'm found
Was blind, but now I see

Verse 2
'Twas grace that taught my heart to fear
And grace my fears relieved
How precious did that grace appear
The hour I first believed

Refrain
My chains are gone
I've been set free
My God, my Savior has ransomed me
And like a flood His mercy reigns
Unending love, amazing grace

Verse 3
The Lord has promised good to me
His word my hope secures
He will my shield and portion be
As long as life endures

Refrain
My chains are gone
I've been set free
My God, my Savior has ransomed me
And like a flood His mercy reigns
Unending love, amazing grace
[2x]

&Refrain
The earth shall soon dissolve like snow
The sun forbear to shine
But God, Who called me here below,
Will be forever mine.
Will be forever mine.
You are forever mine.",,false,1,1,4294967295,"Arial,28,-1,5,50,0,0,0,0,0",,,,,,,,2,11:29:2013
14,Your Grace Is Enough,0,,CHRIS TOMLIN,,"Verse 1
Great is Your faithfulness oh God
You wrestle with the sinner's heart
You lead us by still waters and to mercy
And nothing can keep us apart

Verse 2
So remember Your people
Remember Your children
Remember Your promise
Oh God

Refrain
Your grace is enough
Your grace is enough
Your grace is enough for me

Verse 3
Great is Your love and justice God
You use the weak to lead the strong
You lead us in the song of Your salvation
And all Your people sing along

&Verse 4
So remember Your people
Remember Your children
Remember Your promise
Oh God

Refrain
Your grace is enough
Your grace is enough
Your grace is enough for me
[x2]

Verse 5
So remember Your people
Remember Your children
Remember Your promise
Oh God

&Verse 6
Your grace is enough
Your grace is enough
Your grace is enough for me

Refrain
Your grace is enough
Heaven reaching down to us
Your grace is enough for me
God I see your grace is enough
I'm covered in your love
Your grace is enough for me
For me",,false,1,1,4294967295,"Arial,28,-1,5,50,0,0,0,0,0",,,,,,,,1,11:29:2013
15,Open The Eyes Of My Heart,0,,MICHAEL W. SMITH,,"Verse 1
Open the eyes of my heart, Lord
Open the eyes of my heart
I want to see You
I want to see You
[2x]

Refrain
To see You high and lifted up
Shinin' in the light of Your glory
Pour out Your power and love
As we sing holy, holy, holy

Verse 2
Open the eyes of my heart, Lord
Open the eyes of my heart
I want to see You
I want to see You
[2x]

Refrain
To see You high and lifted up
Shinin' in the light of Your glory
Pour out Your power and love
As we sing holy, holy, holy

Verse
Holy, holy, holy
We cry holy, holy, holy
You are holy, holy, holy
I want to see you
[3x]",,false,1,1,4294967295,"Arial,28,-1,5,50,0,0,0,0,0",,,,,,,,3,11:29:2013
16,How He Loves,0,,John Mark McMillan,DAVID CROWDER,"Verse 1
 He is jealous for me,
Loves like a hurricane, I am a tree,
Bending beneath the weight of His wind and mercy.
When all of a sudden,
I am unaware of these afflictions eclipsed by glory,
And I realize just how beautiful You are,
And how great Your affections are for me.

Refrain
And oh, how He loves us, oh,
Oh, how He loves us,
How He loves us all

Verse 2
плеHe is jealous for me,
Loves like a hurricane, I am a tree,
Bending beneath the weight of His wind and mercy.
When all of a sudden,
I am unaware of these afflictions eclipsed by glory,
And I realise just how beautiful You are,
And how great Your affections are for me.

Refrain
Yeah, He loves us,
Oh, how He loves us,
Oh, how He loves us,
Oh, how He loves.

Verse 3
And we are His portion and He is our prize,
Drawn to redemption by the grace in His eyes,
If his grace is an ocean, we're all sinking.
And Heaven meets earth like an unforeseen kiss,
And my heart turns violently inside of my chest,
I don't have time to maintain these regrets,
When I think about the way...

Refrain
He loves us,
Oh, how He loves us,
Oh, how He loves us,
Oh, how He loves.
Yeah, He loves us,
Oh, how He loves us,
Oh, how He loves us,
Oh, how He loves.",,false,1,1,4294967295,"Arial,28,-1,5,50,0,0,0,0,0",,,,,,,,0,
17,Holy Is The Lord,0,,CHRIS TOMLIN,,"Verse 1
We stand and lift up our hands
For the joy of the Lord is our strength
We bow down and worship Him now
How great, how awesome is He
And together we sing

Refrain
Holy is the Lord God Almighty
The earth is filled with His glory
Holy is the Lord God Almighty
The earth is filled with His glory
The earth is filled with His glory

Verse 2
We stand and lift up our hands
For the joy of the Lord is our strength
We bow down and worship Him now
How great, how awesome is He
And together we sing
Everyone sing

Refrain
Holy is the Lord God Almighty
The earth is filled with His glory
Holy is the Lord God Almighty
The earth is filled with His glory
The earth is filled with His glory",,false,1,1,4294967295,"Arial,28,-1,5,50,0,0,0,0,0",,,,,,,,1,11:29:2013
18,From The Inside Out,0,,HILLSONG UNITED,,"Verse 1
 A thousand times I've failed
Still your mercy remains
Should I stumble again
Still I'm caught in your grace
Everlasting, your light will shine when all else fades
Never ending, your glory goes beyond all fame

Verse 2
Your will above all else
My purpose remains
The art of losing myself in bringing you praise
Everlasting, your light will shine when all else fades
Never ending, your glory goes beyond all fame

Verse 3
In my heart, in my soul
I give you control
Consume me from the inside out
Let justice and praise
Become my embrace
To love you from the inside out

Refrain
Everlasting, your light will shine when all else fades
Never ending, your glory goes beyond all fame
And the cry of my heart is to bring you praise
From the inside out
Lord my soul cries out",,false,1,1,4294967295,"Arial,28,-1,5,50,0,0,0,0,0",,,,,,,,1,11:29:2013
19,Shout To The Lord,0,,CHRIS TOMLIN,,"Verse 1
Shout to the Lord, all the earth,
Let us sing
Power and majesty, praise to the King;
Mountains bow down and the seas will roar
At the sound of Your name.
I sing for joy at the work of Your hands,
Forever I'll love You, forever I'll stand,
Nothing compares to the promise I have in You.

Verse 2
My Jesus, My Savior,
Lord, there is none like You;
All of my days
I want to praise
The wonders of Your mighty love.

Verse 3
My comfort, my shelter,
Tower of refuge and strength;
Let every breath, all that I am
Never cease to worship You.

Verse 4
Shout to the Lord, all the earth,
Let us sing
Power and majesty, praise to the King;
Mountains bow down and the seas will roar
At the sound of Your name.
I sing for joy at the work of Your hands,
Forever I'll love You, forever I'll stand,
Nothing compares to the promise I have in You.

Verse 5
Shout to the Lord, all the earth,
Let us sing
Power and majesty, praise to the King;
Mountains bow down and the seas will roar
At the sound of Your name.
I sing for joy at the work of Your hands,
Forever I'll love You, forever I'll stand,
Nothing compares to the promise I have in You.

Verse 6
Nothing compares to the promise I have
Nothing compares to the promise I have in you",,false,1,1,4294967295,"Arial,28,-1,5,50,0,0,0,0,0",,,,,,,,2,11:29:2013
20,The Stand,0,,HILLSONG UNITED,,"Verse 1
You stood before creation
Eternity in your hand
You spoke the earth into motion
My soul now to stand

Verse 2
You stood before my failure
And carried the cross for my shame
My sin weighed upon your shoulders
My soul now to stand

Verse 3
So what could I say?
And what could I do?
But offer this heart, Oh God
Completely to you

Verse 4
So I'll walk upon salvation
Your spirit alive in me
This life to declare your promise
My soul now to stand

Verse 5
So what could I say?
And what could I do?
But offer this heart, Oh God
Completely to you

Verse 5
I'll stand
With arms high and heart abandoned
In awe of the one who gave it all
I'll stand
My soul Lord to you surrendered
All I am is yours",,false,1,1,4294967295,"Arial,28,-1,5,50,0,0,0,0,0",,,,,,,,2,11:30:2013
21,Lord I Lift Your Name On High,0,,MERCYME,,"Verse 1
Lord I lift Your name on high
Lord I love to sing Your praises
I'm so glad Your in my life
I'm so glad You came to save us

Refrain
You came from heaven to earth
to show the way
from the earth to the cross
my debt to pay
from the cross to the grave
from the grave to the sky
Lord I lift Your name on high

Verse 2
Lord I lift Your name on high
Lord I love to sing Your praises
I'm so glad Your in my life
I'm so glad You came to save us",,false,1,1,4294967295,"Arial,28,-1,5,50,0,0,0,0,0",,,,,,,,1,11:29:2013
22,We Fall Down (My Jesus I Love Thee),0,,CHRIS TOMLIN,,"Verse 1
We fall down
We lay our crowns
At the feet of Jesus
The greatness of
Mercy and love
At the feet of Jesus

Refrain
We cry holy, holy, holy
We cry holy, holy, holy
We cry holy, holy, holy
Is the lamb

Verse 2
We fall down
We lay our crowns
At the feet of Jesus
The greatness of
Mercy and love
At the feet of Jesus

Refrain
We cry holy, holy, holy
We cry holy, holy, holy
We cry holy, holy, holy
Is the lamb
[2x]",,false,1,1,4294967295,"Arial,28,-1,5,50,0,0,0,0,0",,,,,,,,1,11:29:2013
23,How Deep The Father's Love For Us,0,,"PHILLIPS, CRAIG & DEAN",,"Verse 1
How deep the Father's love for us,
How vast beyond all measure
That He should give His only Son
To make a wretch His treasure

Verse 2
How great the pain of searing loss,
The Father turns His face away
As wounds which mar the chosen One,
Bring many sons to glory

Verse 3
Behold the Man upon a cross,
My sin upon His shoulders
Ashamed I hear my mocking voice,
Call out among the scoffers

Verse 4
It was my sin that held Him there
Until it was accomplished
His dying breath has brought me life
I know that it is finished

Verse 5
I will not boast in anything
No gifts, no power, no wisdom
But I will boast in Jesus Christ
His death and resurrection

Verse 6
Why should I gain from His reward?
I cannot give an answer
But this I know with all my heart
His wounds have paid my ransom",,false,1,1,4294967295,"Arial,28,-1,5,50,0,0,0,0,0",,,,,,,,1,11:29:2013
24,The Heart Of Worship,0,,MATT REDMAN,,"Verse 1
When the music fades
and all has slipped away
and I simply come.
Longing just to be
something that's of worth
that will bless Your heart.

Verse 2
I'll bring You more than a song,
for a song in itself
is not what You have required.
You search much deeper within,
through the way things appear,
Your looking into my heart.

Verse 3
I'm coming back to the heart of worship
and its all about You, its all about You, Jesus.
I'm sorry, Lord, for the thing I've made it
when its all about You, its all about You, Jesus.

Verse 4
King of endless worth,
no one could express
how much you deserve.
Though I'm weak and poor,
all I have is Yours,
every single breath!

Verse 5
I'll bring You more than a song,
for a song in itself
is not what You have required.
You search much deeper within,
through the way things appear,
Your looking into my heart.

Verse 6
I'm coming back to the heart of worship
and its all about You, its all about You, Jesus.
I'm sorry, Lord, for the thing I've made it
when its all about You, its all about You, Jesus",,false,1,1,4294967295,"Arial,28,-1,5,50,0,0,0,0,0",,,,,,,,1,11:29:2013
25,You Never Let Go,0,,Matt Redman,,"Verse 1
Even though I walk through the valley of the shadow of death
Your perfect love is casting out fear
And even when I'm caught in the middle of the storms of this life
I won't turn back
I know you are near

Verse 2
And I will fear no evil
For my God is with me
And if my God is with me
Whom then shall I fear?
Whom then shall I fear?

Refrain
Oh no, You never let go
Through the calm and through the storm
Oh no, You never let go
In every high and every low
Oh no, You never let go
Lord, You never let go of me

Verse 3
And I can see a light that is coming for the heart that holds on
A glorious light beyond all compare
And there will be an end to these troubles
But until that day comes
We'll live to know You here on the earth

Refrain
Oh no, You never let go
Through the calm and through the storm
Oh no, You never let go
In every high and every low
Oh no, You never let go
Lord, You never let go of me

Verse 4
Yes, I can see a light that is coming for the heart that holds on
And there will be an end to these troubles
But until that day comes
Still I will praise You, still I will praise You

Refrain
Oh no, You never let go
Through the calm and through the storm
Oh no, You never let go
In every high and every low
Oh no, You never let go
Lord, You never let go of me
[2x]",,false,1,1,4294967295,"Arial,28,-1,5,50,0,0,0,0,0",,,,,,,,1,11:29:2013
26,God Of Wonders,0,,THIRD DAY,,"Verse 1
Lord of all creation
of water earth and sky
The heavens are your Tabernacle
Glory to the Lord on high

Verse 2
God of wonders beyond our galaxy
You are Holy, Holy
The universe declares your Majesty
And you are holy holy
Lord of Heaven and Earth
Lord of Heaven and Earth

Verse 3
Early in the morning
I will celebrate the light
When i stumble in the darkness
I will call your name by night

Verse 4
God of wonders beyond our galaxy
You are Holy, Holy
The universe declares your Majesty
And you are holy holy
Lord of Heaven and Earth
Lord of Heaven and Earth

Verse 5
lord of heaven and earth
lord of heaven and earth
Hallelujah to the lord of heaven and earth [repeat 3 times]
holy......holy....holy god.....

Verse 6
God of wonders beyond our galaxy
You are Holy, Holy
The universe declares your Majesty
And you are holy holy
Lord of Heaven and Earth
Lord of Heaven and Earth

Verse 7
Precious lord reveal your heart to me....
Father holy..
[backround]...Lord god almighty...
The universe declares your majesty
You are holy, holy, holy, holy,
Hallelujah to the lord of heaven and earth [6x]",,false,1,1,4294967295,"Arial,28,-1,5,50,0,0,0,0,0",,,,,,,,1,11:29:2013
27,Beautiful One,0,,JEREMY CAMP,,"Verse 1
Wonderful, so wonderful
Is your unfailing love
Your cross has spoken mercy over me
No eye has seen no ear has heard
No heart could fully know
How glorious, how beautiful you are.

Refrain
 Beautiful one I love 
Beautiful one I adore
Beautiful one my soul must sing.

Verse 2
Powerful so powerful
Your glory fills the skies
Your mighty works displayed for all to see
The beauty of your majesty
Awakes my heart to see
How marvelous how wonderful you are.

Refrain
Beautiful one I love
Beautiful one I adore
Beautiful one my soul must sing.
Beautiful one I love 
Beautiful one I adore
Beautiful one my soul must sing.

Verse 3
You opened my eyes to your wonders anew
You captured my heart with this love
Because nothing on Earth is as beautiful as you
You opened my eyes to your wonders anew
You captured my heart with this love
Because nothing on Earth is as beautiful as you are.

Refrain
Beautiful one I love
Beautiful one I adore
Beautiful one my soul must sing.
Beautiful one I love 
Beautiful one I adore
Beautiful one my soul must sing.

Verse 4
And you opened my eyes to your wonders anew
You captured my heart with this love
Because nothing on earth is as beautiful as you are.",,false,1,1,4294967295,"Arial,28,-1,5,50,0,0,0,0,0",,,,,,,,1,11:29:2013
28,Your Name,0,,"PHILLIPS, CRAIG & DEAN",,"Verse 1
As morning dawns and evening fades
You inspire songs of praise
That rise from earth to touch Your heart and glorify Your Name

Refrain
Your Name is a strong and mighty tower
Your Name is a shelter like no other
Your Name, let the nations sing it louder
'Cause nothing has the power to save
But Your Name

Verse 2
Jesus, in Your Name we pray
Come and fill our hearts today
Lord, give us strength to live for You and glorify Your Name
Your Name is a strong and mighty tower
Your Name is a shelter like no other
Your Name, let the nations sing it louder
'Cause nothing has the power to save but Your Name

Refrain
Your Name is a strong and mighty tower
Your Name is a shelter like no other
Your Name, let the nations sing it louder
'Cause nothing has the power to save but
(Nothing has the power)",,false,1,1,4294967295,"Arial,28,-1,5,50,0,0,0,0,0",,,,,,,,0,
29,You Are My All In All,0,,Dennis Jernigan,,"Verse 1
You are my strength when I am weak
You are the treasure that I seek
You are my all in all
Seeking You as a precious jewel
Lord, to give up I'd be a fool
You are my all in all

Refrain
Jesus, Lamb of God
Worthy is Your name
Jesus, Lamb of God
Worthy is Your name
Oh, Your name is worthy

Verse 2
Taking my sin, my cross, my shame
Rising again I bless Your name
You are my all in all
When I fall down You pick me up
When I am dry You fill my cup
You are my all in all

Verse 3
You're my everything
The beginning and the end
The first, the last You are
The great I am",,false,1,1,4294967295,"Arial,28,-1,5,50,0,0,0,0,0",,,,,,,,1,11:29:2013
30,Lead Me To The Cross,0,,HILLSONG UNITED,,"Verse 1
Savior I come
Quiet my soul remember
Redemption's hill
Where Your blood was spilled
For my ransom
Everything I once held dear
I count it all as lost

Refrain
 Lead me to the cross
Where Your love poured out
Bring me to my knees
Lord I lay me down
Rid me of myself
I belong to You
Lead me, lead me to the cross

Verse 2
You were as I
Tempted and trialed
Human
The word became flesh
Bore my sin and death
Now you're risen
Everything I once held dear
I count it all as lost

Verse 3
To your heart
To your heart
Lead me to your heart
Lead me to your heart",,false,1,1,4294967295,"Arial,28,-1,5,50,0,0,0,0,0",,,,,,,,1,11:29:2013
31,Breathe,0,,MICHAEL W. SMITH,,"Verse 1
This is the air I breathe
This is the air I breathe
Your holy presence living in me
This is my daily bread
This is my daily bread
Your very word spoken to me

Refrain
And I I'm desperate for you
And I I'm I'm lost without you

Verse 2
This is the air I breathe
This is the air I breathe
Your holy presence living in me
This is my daily bread
this is my daily bread
your very word spoken to me",,false,1,1,4294967295,"Arial,28,-1,5,50,0,0,0,0,0",,,,,,,,1,11:29:2013
32,Indescribable,0,,CHRIS TOMLIN,,"Verse 1
From the highest of heights to the depths of the sea
Creation's revealing Your majesty
From the colors of fall to the fragrance of spring
Every creature unique in the song that it sings
All exclaiming

Refrain
Indescribable, uncontainable,
You placed the stars in the sky and You know them by name.
You are amazing God
All powerful, untameable,
Awestruck we fall to our knees as we humbly proclaim
You are amazing God

Verse 2
Who has told every lightning bolt where it should go
Or seen heavenly storehouses laden with snow
Who imagined the sun and gives source to its light
Yet conceals it to bring us the coolness of night
None can fathom

Refrain
Indescribable, uncontainable,
You placed the stars in the sky and You know them by name.
You are amazing God
All powerful, untameable,
Awestruck we fall to our knees as we humbly proclaim
You are amazing God
You are amazing God

Verse 3
Indescribable, uncontainable,
You placed the stars in the sky and You know them by name.
You are amazing God
All powerful, untameable,
Awestruck we fall to our knees as we humbly proclaim
You are amazing God

Refrain
Indescribable, uncontainable,
You placed the stars in the sky and You know them by name.
You are amazing God
Incomparable, unchangeable
You see the depths of my heart and You love me the same
You are amazing God
You are amazing God",,false,1,1,4294967295,"Arial,28,-1,5,50,0,0,0,0,0",,,,,,,,1,11:29:2013
33,Give Thanks,0,,DON MOEN,,"Verse
Give thanks with a grateful heart
Give thanks to the Holy One
Give thanks because He's given Jesus Christ, His Son
[2x]

Verse
And now let the weak say, ""I am strong""
Let the poor say, ""I am rich
Because of what the Lord has done for us""
[2x]

Verse
Give thanks with a grateful heart
Give thanks to the Holy One
Give thanks because He's given Jesus Christ, His Son
[2x]

Verse
And now let the weak say, ""I am strong""
Let the poor say, ""I am rich
Because of what the Lord has done for us""
[2x]

Verse
We give thanks to You oh Lord
We give thanks",,false,1,1,4294967295,"Arial,28,-1,5,50,0,0,0,0,0",,,,,,,,1,11:29:2013
34,You're Worthy Of My Praise,0,,JEREMY CAMP,,"Verse
I will give, you all my worship
I will give, you all my praise
You alone, I long to worship
You alone, are worthy of my praise

Verse
I will worship, with all of my heart
I will praise you, with all of my strength
I will seek you, all of my days
I will follow, all of your ways

Verse
I will give you, all my worship
I will give you, all my praise
You alone, I long to worship
You alone, are worthy of my praise
You are worthy of my praise

Verse
I will bow down, and I'll hail you as king
I will serve you, I will give you everything
I will lift up my eyes to your throne
I will trust you, I will trust you alone

Verse
I will give you all my worship
I will give you all my praise
You alone I long to worship
You alone are worthy of my praise

Verse
I will give you all my worship
I will give you all my praise
You alone I long to worship
You alone are worthy of my praise

Verse
You are worthy, You are worthy
You are worthy of my praise

Verse
Oh, I will give you all my worship
I will give you all my praise
You alone I long, I long to worship
Well, you alone are worthy of my praise
You are worthy of my praise",,false,1,1,4294967295,"Arial,28,-1,5,50,0,0,0,0,0",,,,,,,,1,11:29:2013
35,Your Love Never Fails,0,,JESUS CULTURE,,"Verse 
Nothing can separate
Even if I ran away
Your love never fails

Verse 
I know I still make mistakes
But You have new mercies for me everyday
Your love never fails

Verse 
You stay the same through the ages
Your love never changes
There maybe pain in the night but joy comes in the morning

Verse 
And when the oceans rage
I don't have to be afraid
Because I know that You love me
Your love never fails

Verse 
The wind is strong and the water's deep
But I'm not alone in these open seas
Cause Your love never fails

Verse 
The chasm is far too wide
I never thought I'd reach the other side
But Your love never fails

Verse 
You make, all things, work together for my good.",,false,1,1,4294967295,"Arial,28,-1,5,50,0,0,0,0,0",,,,,,,,0,
36,Friend Of God,0,,"PHILLIPS, CRAIG & DEAN",,"Verse 1
Who am I that You are mindful of me?
That You hear me when I call
Is it true that You are thinking of me?
How you Love me
It's Amazing

Verse 2
Who am I that You are mindful of me?
That You hear me when I call
Is it true that You are thinking of me?
How you Love me
It's Amazing

Refrain
I am a friend of God
I am a friend of God
I am a friend of God
He calls me friend

Verse 3
Who am I that You are mindful of me?
That You hear me when I call
Is it true that You are thinking of me?
How you Love me
It's Amazing, so amazing, it's amazing

Verse 4
God Almighty
Lord of Glory
You have called me friend
[X3]",,false,1,1,4294967295,"Arial,28,-1,5,50,0,0,0,0,0",,,,,,,,2,11:29:2013
37,Light of the world,0,,,,"Verse 1.
Light of the world,
You stepped down into darkness.
Opened my eyes, let me see
Beauty that made
This heart adore you
Hope of a life spent with you

Припев - Chorus:
Here I am to worship
Here I am to bow down
Here I am to say that
You're my God
You're altogether lovely
Altogether worthy
Altogether wonderful to me

Verse 2.
King of all days,
Oh so highly exalted.
Glorious in heaven above.
Humbly you came
To the earth you created,
All for love’s sake became poor

Verse 3.
I'll never know
How much it cost
To see my sin
Upon that cross

Припев - Chorus:
Here I am to worship
Here I am to bow down
Here I am to say that
You're my God
You're altogether lovely
Altogether worthy
Altogether wonderful to me
[2x]",,false,1,1,4294967295,"Arial,28,-1,5,50,0,0,0,0,0",,,,,,,,1,11:30:2013
